CONTROL_ID,SRC_DB_NAME,DATABASE_NAME,SCHEMA_NAME,SERVICE_URL,OBJ_TYPE,OBJ_NAME,INSRT_TIME_COL,UPDT_TIME_COL,PRIMARY_KEY_COL,COL_NAMES,IS_DELETION,DELETED_TBL,SF_TBL,ENTITY_VALUE,FILTER_VALUE,CLIENT,MASTER_TBL
1,SAP_ODATA,DEMO_DB,GOTXN_SH,http://10.80.49.45:8000/sap/opu/odata/sap/Z_ODATA_DATA_LOAD_DELTA_SRV/,TABLE,OS_ADR6Set,inserted_timestamp,inserted_timestamp,"Client,Addrnumber,Persnumber,Consnumber",*,NO,,ADR6_SAP,OS_ADR6Set,,?sap-client=120,
2,SAP_ODATA,DEMO_DB,GOTXN_SH,http://10.80.49.45:8000/sap/opu/odata/sap/Z_ODATA_DATA_LOAD_DELTA_SRV/,TABLE,OS_ADRCSet,inserted_timestamp,inserted_timestamp,"DateFrom,Client,Addrnumber,Nation",*,NO,,ADRC_SAP,OS_ADRCSet,,?sap-client=120,
3,SAP_ODATA,DEMO_DB,GOTXN_SH,http://10.80.49.45:8000/sap/opu/odata/sap/Z_ODATA_DATA_LOAD_DELTA_SRV/,TABLE,OS_ADRCTSet,inserted_timestamp,inserted_timestamp,"Client,Addrnumber,Nation,Langu",*,NO,,ADRCT_SAP,OS_ADRCTSet,,?sap-client=120,
4,SAP_ODATA,DEMO_DB,GOTXN_SH,http://10.80.49.45:8000/sap/opu/odata/sap/Z_ODATA_DATA_LOAD_DELTA_SRV/,TABLE,OS_AUSPSet,inserted_timestamp,inserted_timestamp,Mandt,*,NO,,AUSP_SAP,OS_AUSPSet,,?sap-client=120,
5,SAP_ODATA,DEMO_DB,GOTXN_SH,http://10.80.49.45:8000/sap/opu/odata/sap/Z_ODATA_DATA_LOAD_DELTA_SRV/,TABLE,OS_BKPFSet,Aedat,Aedat,"Mandt,Gjahr,Bukrs,Belnr",*,NO,,BKPF_SAP,OS_BKPFSet,'PRCTR' eq '1500GZ0001' and 'DATE' eq,?sap-client=120,
6,SAP_ODATA,DEMO_DB,GOTXN_SH,http://10.80.49.45:8000/sap/opu/odata/sap/Z_ODATA_DATA_LOAD_DELTA_SRV/,TABLE,OS_BSADSet,inserted_timestamp,inserted_timestamp,"Mandt,Bukrs,Kunnr,Umsks,Umskz,Augdt,Augbl,Zuonr,Gjahr,Belnr,Buzei",*,NO,,BSAD_SAP,OS_BSADSet,,?sap-client=120,
7,SAP_ODATA,DEMO_DB,GOTXN_SH,http://10.80.49.45:8000/sap/opu/odata/sap/Z_ODATA_DATA_LOAD_DELTA_SRV/,TABLE,OS_BSASSet,inserted_timestamp,inserted_timestamp,"Mandt,Bukrs,Hkont,Augdt,Augbl,Zuonr,Gjahr,Belnr,Buzei,Budat,Bldat",*,NO,,BSAS_SAP,OS_BSASSet,'PRCTR' eq '1500GZ0001' and 'DATE' eq ,?sap-client=120,
8,SAP_ODATA,DEMO_DB,GOTXN_SH,http://10.80.49.45:8000/sap/opu/odata/sap/Z_ODATA_DATA_LOAD_DELTA_SRV/,TABLE,OS_BSEGSet,inserted_timestamp,inserted_timestamp,"Mandt,Bukrs,Belnr,Gjahr,Buzei",*,NO,,BSEG_SAP,OS_BSEGSet,'PRCTR' eq '1500GZ0001' and 'DATE' eq,?sap-client=120,
9,SAP_ODATA,DEMO_DB,GOTXN_SH,http://10.80.49.45:8000/sap/opu/odata/sap/Z_ODATA_DATA_LOAD_DELTA_SRV/,TABLE,OS_BSIDSet,inserted_timestamp,inserted_timestamp,"Augdt,Mandt,Bukrs,Kunnr,Umsks,Umskz,Augbl,Zuonr,Gjahr,Belnr,Buzei",*,NO,,BSID_SAP,OS_BSIDSet,,?sap-client=120,
10,SAP_ODATA,DEMO_DB,GOTXN_SH,http://10.80.49.45:8000/sap/opu/odata/sap/Z_ODATA_DATA_LOAD_DELTA_SRV/,TABLE,OS_BSISSet,inserted_timestamp,inserted_timestamp,"Zuonr,Mandt,Hkont,Gjahr,Buzei,Bukrs,Belnr,Augdt,Augbl",*,NO,,BSIS_SAP,OS_BSISSet,'PRCTR' eq '1500GZ0001' and 'DATE' eq,?sap-client=120,
11,SAP_ODATA,DEMO_DB,GOTXN_SH,http://10.80.49.45:8000/sap/opu/odata/sap/Z_ODATA_DATA_LOAD_DELTA_SRV/,TABLE,OS_BUT000Set,inserted_timestamp,inserted_timestamp,"Client,Partner",*,NO,,BUT000_SAP,OS_BUT000Set,,?sap-client=120,
12,SAP_ODATA,DEMO_DB,GOTXN_SH,http://10.80.49.45:8000/sap/opu/odata/sap/Z_ODATA_DATA_LOAD_DELTA_SRV/,TABLE,OS_BUT0IDSet,inserted_timestamp,inserted_timestamp,"Client,Partner,Type,Idnumber",*,NO,,BUT0ID_SAP,OS_BUT0IDSet,,?sap-client=120,
13,SAP_ODATA,DEMO_DB,GOTXN_SH,http://10.80.49.45:8000/sap/opu/odata/sap/Z_ODATA_DATA_LOAD_DELTA_SRV/,TABLE,OS_CABNSet,inserted_timestamp,inserted_timestamp,"Mandt,Atinn,Adzhl",*,NO,,CABN_SAP,OS_CABNSet,,?sap-client=120,
14,SAP_ODATA,DEMO_DB,GOTXN_SH,http://10.80.49.45:8000/sap/opu/odata/sap/Z_ODATA_DATA_LOAD_DELTA_SRV/,TABLE,OS_CBUPACONTACTSet,inserted_timestamp,inserted_timestamp,"Mandt,Businesspartner,Businesspartnerperson,Relationshipnumber,Businesspartnerforedit,Businesspartnerpersonforedit,Relationshipnumberforedit,Personuuid,Formofaddress,Firstname,Lastname,Validitystartdate,Validityenddate,Phonenumbercountry,Phonenumber,Phonenumberextension,Mobilephonecountry,Mobilephonenumber,Faxcountry,Faxnumber,Faxnumberextension,Emailaddress,Contactpersonfunction,Contactpersondepartment,Building,Floor,Roomnumber,Fullname,Businesspartnercategory",*,NO,,CBUPACONTACT_SAP,OS_CBUPACONTACTSet,,?sap-client=120,
15,SAP_ODATA,DEMO_DB,GOTXN_SH,http://10.80.49.45:8000/sap/opu/odata/sap/Z_ODATA_DATA_LOAD_DELTA_SRV/,TABLE,OS_CBUPACUSTSet,inserted_timestamp,inserted_timestamp,"Mandt,Businesspartner",*,NO,,CBUPACUST_SAP,OS_CBUPACUSTSet,,?sap-client=120,
16,SAP_ODATA,DEMO_DB,GOTXN_SH,http://10.80.49.45:8000/sap/opu/odata/sap/Z_ODATA_DATA_LOAD_DELTA_SRV/,TABLE,OS_EKBESet,inserted_timestamp,inserted_timestamp,"Zekkn,Vgabe,Mandt,Gjahr,Ebelp,Ebeln,Buzei,Belnr",*,NO,,EKBE_SAP,OS_EKBESet,'PRCTR' eq '1500GZ0001' and 'DATE' eq,?sap-client=120,
17,SAP_ODATA,DEMO_DB,GOTXN_SH,http://10.80.49.45:8000/sap/opu/odata/sap/Z_ODATA_DATA_LOAD_DELTA_SRV/,TABLE,OS_EKKOSet,Aedat,Aedat,"Mandt,Ebeln",*,NO,,EKKO_SAP,OS_EKKOSet,'PRCTR' eq '1500GZ0001' and 'DATE' eq,?sap-client=120,
18,SAP_ODATA,DEMO_DB,GOTXN_SH,http://10.80.49.45:8000/sap/opu/odata/sap/Z_ODATA_DATA_LOAD_DELTA_SRV/,TABLE,OS_EKPOSet,Aedat,Aedat,"Mandt,Ebeln,Ebelp",*,NO,,EKPO_SAP,OS_EKPOSet,'KOPRCTR' eq '1500GZ0001' and 'DATE' eq,?sap-client=120,
19,SAP_ODATA,DEMO_DB,GOTXN_SH,http://10.80.49.45:8000/sap/opu/odata/sap/Z_ODATA_DATA_LOAD_DELTA_SRV/,TABLE,OS_FLAGLFLEXASet,inserted_timestamp,inserted_timestamp,"Rclnt,Ryear,Docnr,Rldnr,Rbukrs,Docln",*,NO,,FAGLFLEXA_SAP,OS_FLAGLFLEXASet,'PRCTR' eq '1500GZ0001' and 'DATE' eq,?sap-client=120,
20,SAP_ODATA,DEMO_DB,GOTXN_SH,http://10.80.49.45:8000/sap/opu/odata/sap/Z_ODATA_DATA_LOAD_DELTA_SRV/,TABLE,OS_IBUPACUSTOMERSet,inserted_timestamp,inserted_timestamp,"Mandt,Customer,Businesspartner",*,NO,,IBUPACUSTOMER_SAP,OS_IBUPACUSTOMERSet,,?sap-client=120,
21,SAP_ODATA,DEMO_DB,GOTXN_SH,http://10.80.49.45:8000/sap/opu/odata/sap/Z_ODATA_DATA_LOAD_DELTA_SRV/,TABLE,OS_J_1IEXCHDRSet,Aedat,Aedat,"Mandt,Trntyp,Docyr,Docno",*,NO,,J_1IEXCHDR_SAP,OS_J_1IEXCHDRSet,,?sap-client=120,
22,SAP_ODATA,DEMO_DB,GOTXN_SH,http://10.80.49.45:8000/sap/opu/odata/sap/Z_ODATA_DATA_LOAD_DELTA_SRV/,TABLE,OS_J_LIMOCUSTSet,Aedat,Aedat,"Mandt,Kunnr",*,NO,,J_LIMOCUST_SAP,OS_J_LIMOCUSTSet,,?sap-client=120,
23,SAP_ODATA,DEMO_DB,GOTXN_SH,http://10.80.49.45:8000/sap/opu/odata/sap/Z_ODATA_DATA_LOAD_DELTA_SRV/,TABLE,OS_KNA1Set,Erdat,Aedat,"Mandt,Kunnr",*,NO,,KNA1_SAP,OS_KNA1Set,,?sap-client=120,
24,SAP_ODATA,DEMO_DB,GOTXN_SH,http://10.80.49.45:8000/sap/opu/odata/sap/Z_ODATA_DATA_LOAD_DELTA_SRV/,TABLE,OS_KNB1Set,Erdat,Erdat,"Mandt,Kunnr,Bukrs",*,NO,,KNB1_SAP,OS_KNB1Set,,?sap-client=120,
25,SAP_ODATA,DEMO_DB,GOTXN_SH,http://10.80.49.45:8000/sap/opu/odata/sap/Z_ODATA_DATA_LOAD_DELTA_SRV/,TABLE,OS_KNB5Set,inserted_timestamp,inserted_timestamp,"Mandt,Kunnr,Bukrs,Maber",*,NO,,KNB5_SAP,OS_KNB5Set,,?sap-client=120,
26,SAP_ODATA,DEMO_DB,GOTXN_SH,http://10.80.49.45:8000/sap/opu/odata/sap/Z_ODATA_DATA_LOAD_DELTA_SRV/,TABLE,OS_KNBKSet,inserted_timestamp,inserted_timestamp,"Mandt,Kunnr,Banks,Bankl,Bankn",*,NO,,KNBK_SAP,OS_KNBKSet,,?sap-client=120,
27,SAP_ODATA,DEMO_DB,GOTXN_SH,http://10.80.49.45:8000/sap/opu/odata/sap/Z_ODATA_DATA_LOAD_DELTA_SRV/,TABLE,OS_KNC1Set,Erdat,Erdat,"Mandt,Kunnr,Bukrs,Gjahr",*,NO,,KNC1_SAP,OS_KNC1Set,,?sap-client=120,
28,SAP_ODATA,DEMO_DB,GOTXN_SH,http://10.80.49.45:8000/sap/opu/odata/sap/Z_ODATA_DATA_LOAD_DELTA_SRV/,TABLE,OS_KNKKSet,Erdat,Aedat,"Mandt,Kunnr,Kkber",*,NO,,KNKK_SAP,OS_KNKKSet,,?sap-client=120,
29,SAP_ODATA,DEMO_DB,GOTXN_SH,http://10.80.49.45:8000/sap/opu/odata/sap/Z_ODATA_DATA_LOAD_DELTA_SRV/,TABLE,OS_KNVISet,inserted_timestamp,inserted_timestamp,"Mandt,Kunnr,Aland,Tatyp",*,NO,,KNVI_SAP,OS_KNVISet,,?sap-client=120,
30,SAP_ODATA,DEMO_DB,GOTXN_SH,http://10.80.49.45:8000/sap/opu/odata/sap/Z_ODATA_DATA_LOAD_DELTA_SRV/,TABLE,OS_KNVKSet,Erdat,Erdat,"Mandt,Parnr",*,NO,,KNVK_SAP,OS_KNVKSet,,?sap-client=120,
31,SAP_ODATA,DEMO_DB,GOTXN_SH,http://10.80.49.45:8000/sap/opu/odata/sap/Z_ODATA_DATA_LOAD_DELTA_SRV/,TABLE,OS_KNVPSet,inserted_timestamp,inserted_timestamp,"Mandt,Kunnr,Vkorg,Vtweg,Spart,Parvw,Parza",*,NO,,KNVP_SAP,OS_KNVPSet,,?sap-client=120,
32,SAP_ODATA,DEMO_DB,GOTXN_SH,http://10.80.49.45:8000/sap/opu/odata/sap/Z_ODATA_DATA_LOAD_DELTA_SRV/,TABLE,OS_KNVVSet,Erdat,Erdat,"Mandt,Kunnr,Vkorg,Vtweg,Spart",*,NO,,KNVV_SAP,OS_KNVVSet,,?sap-client=120,
33,SAP_ODATA,DEMO_DB,GOTXN_SH,http://10.80.49.45:8000/sap/opu/odata/sap/Z_ODATA_DATA_LOAD_DELTA_SRV/,TABLE,OS_LFA1Set,Erdat,Aedat,"Mandt,Lifnr",*,NO,,LFA1_SAP,OS_LFA1Set,,?sap-client=120,
34,SAP_ODATA,DEMO_DB,GOTXN_SH,http://10.80.49.45:8000/sap/opu/odata/sap/Z_ODATA_DATA_LOAD_DELTA_SRV/,TABLE,OS_LFB1Set,Erdat,Erdat,"Mandt,Lifnr,Bukrs",*,NO,,LFB1_SAP,OS_LFB1Set,,?sap-client=120,
35,SAP_ODATA,DEMO_DB,GOTXN_SH,http://10.80.49.45:8000/sap/opu/odata/sap/Z_ODATA_DATA_LOAD_DELTA_SRV/,TABLE,OS_LIKPSet,Erdat,Aedat,"Vbeln,Mandt",*,NO,,LIKP_SAP,OS_LIKPSet,'PRCTR' eq '1500GZ0001' and 'DATE' eq,?sap-client=120,
36,SAP_ODATA,DEMO_DB,GOTXN_SH,http://10.80.49.45:8000/sap/opu/odata/sap/Z_ODATA_DATA_LOAD_DELTA_SRV/,TABLE,OS_LIPSSet,Erdat,Aedat,"Mandt,Vbeln,Posnr",*,NO,,LIPS_SAP,OS_LIPSSet,'PRCTR' eq '1500GZ0001' and 'DATE' eq,?sap-client=120,
37,SAP_ODATA,DEMO_DB,GOTXN_SH,http://10.80.49.45:8000/sap/opu/odata/sap/Z_ODATA_DATA_LOAD_DELTA_SRV/,TABLE,OS_MAKTSet,inserted_timestamp,inserted_timestamp,"Mandt,Matnr,Spras",*,NO,,MAKT_SAP,OS_MAKTSet,'PRCTR' eq '1500GZ0001' and 'DATE' eq,?sap-client=120,
38,SAP_ODATA,DEMO_DB,GOTXN_SH,http://10.80.49.45:8000/sap/opu/odata/sap/Z_ODATA_DATA_LOAD_DELTA_SRV/,TABLE,OS_MARASet,inserted_timestamp,inserted_timestamp,"Mandt,Matnr",*,NO,,MARA_SAP,OS_MARASet,'PRCTR' eq '1500GZ0001' and 'DATE' eq,?sap-client=120,
39,SAP_ODATA,DEMO_DB,GOTXN_SH,http://10.80.49.45:8000/sap/opu/odata/sap/Z_ODATA_DATA_LOAD_DELTA_SRV/,TABLE,OS_MARCSet,inserted_timestamp,inserted_timestamp,"Mandt,Matnr,Werks",*,NO,,MARC_SAP,OS_MARCSet,'PRCTR' eq '1500GZ0001' and 'DATE' eq,?sap-client=120,
40,SAP_ODATA,DEMO_DB,GOTXN_SH,http://10.80.49.45:8000/sap/opu/odata/sap/Z_ODATA_DATA_LOAD_DELTA_SRV/,TABLE,OS_MARDSet,inserted_timestamp,inserted_timestamp,"Werks,Matnr,Mandt,Lgort",*,NO,,MARD_SAP,OS_MARDSet,'PRCTR' eq '1500GZ0001' and 'DATE' eq,?sap-client=120,
41,SAP_ODATA,DEMO_DB,GOTXN_SH,http://10.80.49.45:8000/sap/opu/odata/sap/Z_ODATA_DATA_LOAD_DELTA_SRV/,TABLE,OS_MBEWSet,inserted_timestamp,inserted_timestamp,"Mandt,Matnr,Bwkey,Bwtar",*,NO,,MBEW_SAP,OS_MBEWSet,'PRCTR' eq '1500GZ0001' and 'DATE' eq,?sap-client=120,
42,SAP_ODATA,DEMO_DB,GOTXN_SH,http://10.80.49.45:8000/sap/opu/odata/sap/Z_ODATA_DATA_LOAD_DELTA_SRV/,TABLE,OS_MCH1Set,inserted_timestamp,inserted_timestamp,"Mandt,Matnr,Charg",*,NO,,MCH1_SAP,OS_MCH1Set,'PRCTR' eq '1500GZ0001' and 'DATE' eq,?sap-client=120,
43,SAP_ODATA,DEMO_DB,GOTXN_SH,http://10.80.49.45:8000/sap/opu/odata/sap/Z_ODATA_DATA_LOAD_DELTA_SRV/,TABLE,OS_MCHASet,inserted_timestamp,inserted_timestamp,"Mandt,Matnr,Werks,Charg",*,NO,,MCHA_SAP,OS_MCHASet,'PRCTR' eq '1500GZ0001' and 'DATE' eq,?sap-client=120,
44,SAP_ODATA,DEMO_DB,GOTXN_SH,http://10.80.49.45:8000/sap/opu/odata/sap/Z_ODATA_DATA_LOAD_DELTA_SRV/,TABLE,OS_MCHBSet,inserted_timestamp,inserted_timestamp,"Mandt,Matnr,Werks,Lgort,Charg",*,NO,,MCHB_SAP,OS_MCHBSet,'PRCTR' eq '1500GZ0001' and 'DATE' eq,?sap-client=120,
45,SAP_ODATA,DEMO_DB,GOTXN_SH,http://10.80.49.45:8000/sap/opu/odata/sap/Z_ODATA_DATA_LOAD_DELTA_SRV/,TABLE,OS_MSEGSet,inserted_timestamp,inserted_timestamp,"Zeile,Mjahr,Mblnr,Mandt",*,NO,,MSEG_SAP,OS_MSEGSet,'PRCTR' eq '1500GZ0001' and 'DATE' eq,?sap-client=120,
46,SAP_ODATA,DEMO_DB,GOTXN_SH,http://10.80.49.45:8000/sap/opu/odata/sap/Z_ODATA_DATA_LOAD_DELTA_SRV/,TABLE,OS_PRCD_ELEMENTSSet,inserted_timestamp,inserted_timestamp,"Client,Knumv,Kposn,Stunr,Zaehk",*,NO,,PRCD_ELEMENTS_SAP,OS_PRCD_ELEMENTSSet,,?sap-client=120,
47,SAP_ODATA,DEMO_DB,GOTXN_SH,http://10.80.49.45:8000/sap/opu/odata/sap/Z_ODATA_DATA_LOAD_DELTA_SRV/,TABLE,OS_SKATSet,inserted_timestamp,inserted_timestamp,"Mandt,Spras,Ktopl,Saknr",*,NO,,SKAT_SAP,OS_SKATSet,,?sap-client=120,
48,SAP_ODATA,DEMO_DB,GOTXN_SH,http://10.80.49.45:8000/sap/opu/odata/sap/Z_ODATA_DATA_LOAD_DELTA_SRV/,TABLE,OS_T001Set,inserted_timestamp,inserted_timestamp,"Mandt,Bukrs,Kkber",*,NO,,T001_SAP,OS_T001Set,,?sap-client=120,
58,SAP_ODATA,DEMO_DB,GOTXN_SH,http://10.80.49.45:8000/sap/opu/odata/sap/Z_ODATA_DATA_LOAD_DELTA_SRV/,TABLE,OS_T151TSet,inserted_timestamp,inserted_timestamp,"Mandt,Spras,Kdgrp",*,NO,,T151T_SAP,OS_T151TSet,,?sap-client=120,
59,SAP_ODATA,DEMO_DB,GOTXN_SH,http://10.80.49.45:8000/sap/opu/odata/sap/Z_ODATA_DATA_LOAD_DELTA_SRV/,TABLE,OS_T179Set,inserted_timestamp,inserted_timestamp,"Mandt,Prodh",*,NO,,T179_SAP,OS_T179Set,,?sap-client=120,
69,SAP_ODATA,DEMO_DB,GOTXN_SH,http://10.80.49.45:8000/sap/opu/odata/sap/Z_ODATA_DATA_LOAD_DELTA_SRV/,TABLE,OS_TVAUTSet,inserted_timestamp,inserted_timestamp,"Mandt,Spras,Augru",*,NO,,TVAUT_SAP,OS_TVAUTSet,,?sap-client=120,
80,SAP_ODATA,DEMO_DB,GOTXN_SH,http://10.80.49.45:8000/sap/opu/odata/sap/Z_ODATA_DATA_LOAD_DELTA_SRV/,TABLE,OS_TVV4TSet,inserted_timestamp,inserted_timestamp,"Mandt,Spras,Kvgr4",*,NO,,TVV4T_SAP,OS_TVV4TSet,,?sap-client=120,
82,SAP_ODATA,DEMO_DB,GOTXN_SH,http://10.80.49.45:8000/sap/opu/odata/sap/Z_ODATA_DATA_LOAD_DELTA_SRV/,TABLE,OS_UKMBP_CMS_SGMSet,inserted_timestamp,inserted_timestamp,"Client,Partner,CreditSgmnt",*,NO,,UKMBP_CMS_SGM_SAP,OS_UKMBP_CMS_SGMSet,,?sap-client=120,
83,SAP_ODATA,DEMO_DB,GOTXN_SH,http://10.80.49.45:8000/sap/opu/odata/sap/Z_ODATA_DATA_LOAD_DELTA_SRV/,TABLE,OS_VBAKSet,Erdat,Aedat,"Mandt,Vbeln",*,NO,,VBAK_SAP,OS_VBAKSet,'PRCTR' eq '1500GZ0001' and 'DATE' eq ,?sap-client=120,
84,SAP_ODATA,DEMO_DB,GOTXN_SH,http://10.80.49.45:8000/sap/opu/odata/sap/Z_ODATA_DATA_LOAD_DELTA_SRV/,TABLE,OS_VBAPSet,Erdat,Aedat,"Mandt,Vbeln,Posnr",*,NO,,VBAP_SAP,OS_VBAPSet,'PRCTR' eq '1500GZ0001' and 'DATE' eq ,?sap-client=120,
85,SAP_ODATA,DEMO_DB,GOTXN_SH,http://10.80.49.45:8000/sap/opu/odata/sap/Z_ODATA_DATA_LOAD_DELTA_SRV/,TABLE,OS_VBEPSet,inserted_timestamp,inserted_timestamp,"Vbeln,Posnr,Mandt,Etenr",*,NO,,VBEP_SAP,OS_VBEPSet,'PRCTR' eq '1500GZ0001' and 'DATE' eq,?sap-client=120,
86,SAP_ODATA,DEMO_DB,GOTXN_SH,http://10.80.49.45:8000/sap/opu/odata/sap/Z_ODATA_DATA_LOAD_DELTA_SRV/,TABLE,OS_VBFASet,Erdat,Aedat,"Mandt,Ruuid",*,NO,,VBFA_SAP,OS_VBFASet,'PRCTR' eq '1500GZ0001' and 'DATE' eq,?sap-client=120,
87,SAP_ODATA,DEMO_DB,GOTXN_SH,http://10.80.49.45:8000/sap/opu/odata/sap/Z_ODATA_DATA_LOAD_DELTA_SRV/,TABLE,OS_VBPASet,inserted_timestamp,inserted_timestamp,"Mandt,Vbeln,Posnr,Parvw",*,NO,,VBPA_SAP,OS_VBPASet,,?sap-client=120,
88,SAP_ODATA,DEMO_DB,GOTXN_SH,http://10.80.49.45:8000/sap/opu/odata/sap/Z_ODATA_DATA_LOAD_DELTA_SRV/,TABLE,OS_VBRKSet,Erdat,Aedat,"Mandt,Vbeln",*,NO,,VBRK_SAP,OS_VBRKSet,'PRCTR' eq '1500GZ0001' and 'DATE' eq,?sap-client=120,
89,SAP_ODATA,DEMO_DB,GOTXN_SH,http://10.80.49.45:8000/sap/opu/odata/sap/Z_ODATA_DATA_LOAD_DELTA_SRV/,TABLE,OS_VBRPSet,Erdat,Erdat,"Mandt,Vbeln,Posnr",*,NO,,VBRP_SAP,OS_VBRPSet,'PRCTR' eq '1500GZ0001' and 'DATE' eq,?sap-client=120,
91,SAP_ODATA,DEMO_DB,GOTXN_SH,http://10.80.49.45:8000/sap/opu/odata/sap/Z_ODATA_DATA_LOAD_DELTA_SRV/,TABLE,OS_ZMH_INVOICE_TABSet,inserted_timestamp,inserted_timestamp,"Mandt,Vbeln,Posnr,Bukrs,Gjahr",*,NO,,ZMH_INVOICE_TAB_SAP,OS_ZMH_INVOICE_TABSet,,?sap-client=120,
96,SAP_ODATA,DEMO_DB,GOTXN_SH,http://10.80.49.45:8000/sap/opu/odata/sap/Z_ODATA_DATA_LOAD_DELTA_SRV/,TABLE,OS_S001Set,inserted_timestamp,inserted_timestamp,"Mandt,Ssour,Vrsio,Spmon,Sptag,Spwoc,Spbup,Kunnr,Vkorg,Vtweg,Spart,Matnr",*,NO,,S001_SAP,OS_S001Set,,?sap-client=120,
72,SAP_ODATA,DEMO_DB,GOTXN_SH,http://10.80.49.45:8000/sap/opu/odata/sap/Z_ODATA_DATA_LOAD_SRV/,TABLE,OS_TVKGGTSet,inserted_timestamp,inserted_timestamp,"Mandt,Spras,Kdkgr",*,NO,,TVKGGT_SAP,OS_TVKGGTSet,,?sap-client=120,yes
71,SAP_ODATA,DEMO_DB,GOTXN_SH,http://10.80.49.45:8000/sap/opu/odata/sap/Z_ODATA_DATA_LOAD_SRV/,TABLE,OS_TVKBTSet,inserted_timestamp,inserted_timestamp,"Mandt,Spras,Vkbur",*,NO,,TVKBT_SAP,OS_TVKBTSet,,?sap-client=120,yes
70,SAP_ODATA,DEMO_DB,GOTXN_SH,http://10.80.49.45:8000/sap/opu/odata/sap/Z_ODATA_DATA_LOAD_SRV/,TABLE,OS_TVGRTSet,inserted_timestamp,inserted_timestamp,"Mandt,Spras,Vkgrp",*,NO,,TVGRT_SAP,OS_TVGRTSet,,?sap-client=120,yes
68,SAP_ODATA,DEMO_DB,GOTXN_SH,http://10.80.49.45:8000/sap/opu/odata/sap/Z_ODATA_DATA_LOAD_SRV/,TABLE,OS_TVAKTSet,inserted_timestamp,inserted_timestamp,"Mandt,Spras,Auart",*,NO,,TVAKT_SAP,OS_TVAKTSet,,?sap-client=120,yes
67,SAP_ODATA,DEMO_DB,GOTXN_SH,http://10.80.49.45:8000/sap/opu/odata/sap/Z_ODATA_DATA_LOAD_SRV/,TABLE,OS_TVAKSet,inserted_timestamp,inserted_timestamp,"Mandt,Auart",*,NO,,TVAK_SAP,OS_TVAKSet,,?sap-client=120,yes
66,SAP_ODATA,DEMO_DB,GOTXN_SH,http://10.80.49.45:8000/sap/opu/odata/sap/Z_ODATA_DATA_LOAD_SRV/,TABLE,OS_TSPATSet,inserted_timestamp,inserted_timestamp,"Mandt,Spras,Spart",*,NO,,TSPAT_SAP,OS_TSPATSet,,?sap-client=120,yes
65,SAP_ODATA,DEMO_DB,GOTXN_SH,http://10.80.49.45:8000/sap/opu/odata/sap/Z_ODATA_DATA_LOAD_SRV/,TABLE,OS_TSKDTSet,inserted_timestamp,inserted_timestamp,"Mandt,Spras,Tatyp,Taxkd",*,NO,,TSKDT_SAP,OS_TSKDTSet,,?sap-client=120,yes
64,SAP_ODATA,DEMO_DB,GOTXN_SH,http://10.80.49.45:8000/sap/opu/odata/sap/Z_ODATA_DATA_LOAD_SRV/,TABLE,OS_TAUUMSet,inserted_timestamp,inserted_timestamp,"Mandt,Spras,Auart",*,NO,,TAUUM_SAP,OS_TAUUMSet,,?sap-client=120,yes
63,SAP_ODATA,DEMO_DB,GOTXN_SH,http://10.80.49.45:8000/sap/opu/odata/sap/Z_ODATA_DATA_LOAD_SRV/,TABLE,OS_T685TSet,inserted_timestamp,inserted_timestamp,"Mandt,Spras,Kvewe,Kappl,Kschl",*,NO,,T685T_SAP,OS_T685TSet,,?sap-client=120,yes
62,SAP_ODATA,DEMO_DB,GOTXN_SH,http://10.80.49.45:8000/sap/opu/odata/sap/Z_ODATA_DATA_LOAD_SRV/,TABLE,OS_T685BSet,inserted_timestamp,inserted_timestamp,"Mandt,Kappl,Kschl",*,NO,,T685B_SAP,OS_T685BSet,,?sap-client=120,yes
61,SAP_ODATA,DEMO_DB,GOTXN_SH,http://10.80.49.45:8000/sap/opu/odata/sap/Z_ODATA_DATA_LOAD_SRV/,TABLE,OS_T604NSet,inserted_timestamp,inserted_timestamp,"Mandt,Spras,Land1,Steuc",*,NO,,T604N_SAP,OS_T604NSet,,?sap-client=120,yes
60,SAP_ODATA,DEMO_DB,GOTXN_SH,http://10.80.49.45:8000/sap/opu/odata/sap/Z_ODATA_DATA_LOAD_SRV/,TABLE,OS_T179TSet,inserted_timestamp,inserted_timestamp,"Mandt,Spras,Prodh",*,NO,,T179T_SAP,OS_T179TSet,,?sap-client=120,yes
59,SAP_ODATA,DEMO_DB,GOTXN_SH,http://10.80.49.45:8000/sap/opu/odata/sap/Z_ODATA_DATA_LOAD_SRV/,TABLE,OS_T179Set,inserted_timestamp,inserted_timestamp,"Mandt,Prodh",*,NO,,T179_SAP,OS_T179Set,,?sap-client=120,yes
58,SAP_ODATA,DEMO_DB,GOTXN_SH,http://10.80.49.45:8000/sap/opu/odata/sap/Z_ODATA_DATA_LOAD_SRV/,TABLE,OS_T151TSet,inserted_timestamp,inserted_timestamp,"Mandt,Spras,Kdgrp",*,NO,,T151T_SAP,OS_T151TSet,,?sap-client=120,yes
57,SAP_ODATA,DEMO_DB,GOTXN_SH,http://10.80.49.45:8000/sap/opu/odata/sap/Z_ODATA_DATA_LOAD_SRV/,TABLE,OS_T023TSet,inserted_timestamp,inserted_timestamp,"Mandt,Spras,Matkl",*,NO,,T023T_SAP,OS_T023TSet,,?sap-client=120,yes
56,SAP_ODATA,DEMO_DB,GOTXN_SH,http://10.80.49.45:8000/sap/opu/odata/sap/Z_ODATA_DATA_LOAD_SRV/,TABLE,OS_T006Set,inserted_timestamp,inserted_timestamp,"Mandt,Msehi",*,NO,,T006_SAP,OS_T006Set,,?sap-client=120,yes
55,SAP_ODATA,DEMO_DB,GOTXN_SH,http://10.80.49.45:8000/sap/opu/odata/sap/Z_ODATA_DATA_LOAD_SRV/,TABLE,OS_T005USet,inserted_timestamp,inserted_timestamp,"Mandt,Spras,Land1,Bland",*,NO,,T005U_SAP,OS_T005USet,,?sap-client=120,yes
54,SAP_ODATA,DEMO_DB,GOTXN_SH,http://10.80.49.45:8000/sap/opu/odata/sap/Z_ODATA_DATA_LOAD_SRV/,TABLE,OS_T005TSet,inserted_timestamp,inserted_timestamp,"Mandt,Spras,Land1",*,NO,,T005T_SAP,OS_T005TSet,,?sap-client=120,yes
53,SAP_ODATA,DEMO_DB,GOTXN_SH,http://10.80.49.45:8000/sap/opu/odata/sap/Z_ODATA_DATA_LOAD_SRV/,TABLE,OS_T005SSet,inserted_timestamp,inserted_timestamp,"Mandt,Land1,Bland",*,NO,,T005S_SAP,OS_T005SSet,,?sap-client=120,yes
51,SAP_ODATA,DEMO_DB,GOTXN_SH,http://10.80.49.45:8000/sap/opu/odata/sap/Z_ODATA_DATA_LOAD_SRV/,TABLE,OS_T001WSet,inserted_timestamp,inserted_timestamp,"Mandt,Werks",*,NO,,T001W_SAP,OS_T001WSet,,?sap-client=120,yes
52,SAP_ODATA,DEMO_DB,GOTXN_SH,http://10.80.49.45:8000/sap/opu/odata/sap/Z_ODATA_DATA_LOAD_SRV/,TABLE,OS_T001LSet,inserted_timestamp,inserted_timestamp,"Mandt,Werks,Lgort",*,NO,,T001L_SAP,OS_T001LSet,,?sap-client=120,yes
94,SAP_ODATA,DEMO_DB,GOTXN_SH,http://10.80.49.45:8000/sap/opu/odata/sap/Z_ODATA_DATA_LOAD_SRV/,TABLE,OS_ZTJVSet,inserted_timestamp,inserted_timestamp,"Mandt,Bukrs,Zgrp,Hkont",*,NO,,ZTJV_SAP,OS_ZTJVSet,,?sap-client=120,yes
93,SAP_ODATA,DEMO_DB,GOTXN_SH,http://10.80.49.45:8000/sap/opu/odata/sap/Z_ODATA_DATA_LOAD_SRV/,TABLE,OS_ZSBUDGETSet,inserted_timestamp,inserted_timestamp,"Mandt,Gjahr,Orgin,Vrsio,Monat,Sptag,Vkorg,Vtweg,Spart,Vkbur,Sprl2,Sprl1,Lifnr,Kunnr,Matnr,Werks",*,NO,,ZSBUDGET_SAP,OS_ZSBUDGETSet,,?sap-client=120,yes
92,SAP_ODATA,DEMO_DB,GOTXN_SH,http://10.80.49.45:8000/sap/opu/odata/sap/Z_ODATA_DATA_LOAD_SRV/,TABLE,OS_ZOHR_BACKLOG_DTSet,inserted_timestamp,inserted_timestamp,"Mandt,Zdate,Zdays",*,NO,,ZOHR_BACKLOG_DT_SAP,OS_ZOHR_BACKLOG_DTSet,,?sap-client=120,yes
90,SAP_ODATA,DEMO_DB,GOTXN_SH,http://10.80.49.45:8000/sap/opu/odata/sap/Z_ODATA_DATA_LOAD_SRV/,TABLE,OS_ZDIVPRCTRSet,inserted_timestamp,inserted_timestamp,"Mandt,Bukrs,Vkorg,Vtweg,Spart,Prctr",*,NO,,ZDIVPRCTR_SAP,OS_ZDIVPRCTRSet,'PRCTR' eq '1500GZ0001' and 'DATE' eq,?sap-client=120,yes
81,SAP_ODATA,DEMO_DB,GOTXN_SH,http://10.80.49.45:8000/sap/opu/odata/sap/Z_ODATA_DATA_LOAD_SRV/,TABLE,OS_TVV5TSet,inserted_timestamp,inserted_timestamp,"Mandt,Spras,Kvgr5",*,NO,,TVV5T_SAP,OS_TVV5TSet,,?sap-client=120,yes
80,SAP_ODATA,DEMO_DB,GOTXN_SH,http://10.80.49.45:8000/sap/opu/odata/sap/Z_ODATA_DATA_LOAD_SRV/,TABLE,OS_TVV4TSet,inserted_timestamp,inserted_timestamp,"Mandt,Spras,Kvgr4",*,NO,,TVV4T_SAP,OS_TVV4TSet,,?sap-client=120,yes
79,SAP_ODATA,DEMO_DB,GOTXN_SH,http://10.80.49.45:8000/sap/opu/odata/sap/Z_ODATA_DATA_LOAD_SRV/,TABLE,OS_TVV3TSet,inserted_timestamp,inserted_timestamp,"Mandt,Spras,Kvgr3",*,NO,,TVV3T_SAP,OS_TVV3TSet,,?sap-client=120,yes
78,SAP_ODATA,DEMO_DB,GOTXN_SH,http://10.80.49.45:8000/sap/opu/odata/sap/Z_ODATA_DATA_LOAD_SRV/,TABLE,OS_TVV2TSet,inserted_timestamp,inserted_timestamp,"Mandt,Spras,Kvgr2",*,NO,,TVV2T_SAP,OS_TVV2TSet,,?sap-client=120,yes
77,SAP_ODATA,DEMO_DB,GOTXN_SH,http://10.80.49.45:8000/sap/opu/odata/sap/Z_ODATA_DATA_LOAD_SRV/,TABLE,OS_TVTWTSet,inserted_timestamp,inserted_timestamp,"Mandt,Spras,Vtweg",*,NO,,TVTWT_SAP,OS_TVTWTSet,,?sap-client=120,yes
76,SAP_ODATA,DEMO_DB,GOTXN_SH,http://10.80.49.45:8000/sap/opu/odata/sap/Z_ODATA_DATA_LOAD_SRV/,TABLE,OS_TVTASet,inserted_timestamp,inserted_timestamp,"Mandt,Vkorg,Vtweg,Spart",*,NO,,TVTA_SAP,OS_TVTASet,,?sap-client=120,yes
75,SAP_ODATA,DEMO_DB,GOTXN_SH,http://10.80.49.45:8000/sap/opu/odata/sap/Z_ODATA_DATA_LOAD_SRV/,TABLE,OS_TVSTTSet,inserted_timestamp,inserted_timestamp,"Mandt,Spras,Vstel",*,NO,,TVSTT_SAP,OS_TVSTTSet,,?sap-client=120,yes
95,SAP_ODATA,DEMO_DB,GOTXN_SH,http://10.80.49.45:8000/sap/opu/odata/sap/Z_ODATA_DATA_LOAD_SRV/,TABLE,OS_TVSTSet,inserted_timestamp,inserted_timestamp,"Mandt,Vstel",*,NO,,TVST_SAP,OS_TVSTSet,,?sap-client=120,yes
74,SAP_ODATA,DEMO_DB,GOTXN_SH,http://10.80.49.45:8000/sap/opu/odata/sap/Z_ODATA_DATA_LOAD_SRV/,TABLE,OS_TVLKSet,inserted_timestamp,inserted_timestamp,"Mandt,Lfart",*,NO,,TVLK_SAP,OS_TVLKSet,,?sap-client=120,yes
73,SAP_ODATA,DEMO_DB,GOTXN_SH,http://10.80.49.45:8000/sap/opu/odata/sap/Z_ODATA_DATA_LOAD_SRV/,TABLE,OS_TVKOSet,inserted_timestamp,inserted_timestamp,"Mandt,Vkorg",*,NO,,TVKO_SAP,OS_TVKOSet,,?sap-client=120,yes
49,SAP_ODATA,DEMO_DB,GOTXN_SH,http://10.80.49.45:8000/sap/opu/odata/sap/Z_ODATA_DATA_LOAD_SRV/,TABLE,OS_T001KSet,inserted_timestamp,inserted_timestamp,"Mandt,Bwkey",*,NO,,T001K_SAP,OS_T001KSet,,?sap-client=120,yes
48,SAP_ODATA,DEMO_DB,GOTXN_SH,http://10.80.49.45:8000/sap/opu/odata/sap/Z_ODATA_DATA_LOAD_SRV/,TABLE,OS_T001CMSet,inserted_timestamp,inserted_timestamp,"Mandt,Bukrs,Kkber",*,NO,,T001CM_SAP,OS_T001CMSet,,?sap-client=120,yes
96,SAP_ODATA,DEMO_DB,GOTXN_SH,http://10.80.49.45:8000/sap/opu/odata/sap/Z_ODATA_DATA_LOAD_SRV/,TABLE,OS_VBUPSet,inserted_timestamp,inserted_timestamp,"Mandt,Vbeln,Posnr",*,NO,,VBUP_SAP,OS_VBUPSet,,?sap-client=120
96,SAP_ODATA,DEMO_DB,GOTXN_SH,http://10.80.49.45:8000/sap/opu/odata/sap/Z_ODATA_DATA_LOAD_SRV/,TABLE,OS_VBUKSet,inserted_timestamp,inserted_timestamp,"Mandt,Vbeln",*,NO,,VBUK_SAP,OS_VBUKSet,,?sap-client=120
38,SAP_ODATA,DEMO_DB,GOTXN_SH,http://10.80.49.45:8000/sap/opu/odata/sap/Z_ODATA_DATA_LOAD_SRV/,TABLE,OS_MARMSet,inserted_timestamp,inserted_timestamp,"Mandt,Matnr,Meinh",*,NO,,MARM_SAP,OS_MARMSet,'PRCTR' eq '1500GZ0001' and 'DATE' eq,?sap-client=120,




